Time[s],Speed[m/s],X[m],Z[m]
0.0,0.02309736713963844,8.084722821598342,-33.970050089839
0.3956506252288818,0.07253814584748099,8.27313769684986,-33.714301759101396
1.018431425094604,0.1533062120629788,8.461552926996422,-33.792138207494496
1.977571964263916,0.274048136578495,8.521503052506407,-33.65870429555928
2.980365753173828,0.3762222987375949,8.375911058705233,-35.059760371586314
3.755996942520142,0.4251501263726105,8.367346950056403,-35.25991123948913
3.979457855224609,0.4332023543834034,8.059031628327304,-35.67133246772025
4.988033771514893,0.4323487140019652,7.767845096948406,-36.249546085870385
5.980502843856812,0.3744788025691139,7.767845366387161,-36.516413909740805
6.987845897674561,0.2747665837674619,7.605123257964878,-36.638728329250526
7.979658365249634,0.1688386319128154,7.485222709457775,-36.68320630036715
8.983466386795044,0.09929334110708567,7.262550389883549,-36.905596153120946
10.02453327178955,0.1214389464433635,7.125521477848207,-37.272539411650094
10.98160815238953,0.2695638560836668,6.9114131704508335,-37.17246397769869
11.98503255844116,0.5850806902642368,7.091263988198384,-37.08350803617277
13.00397658348083,1.077892210467857,7.87918268762743,-37.55052672794601
14.00377702713013,1.706598727498321,8.735617280080284,-39.04053874479163
15.00228714942932,2.428990588041714,10.525564793187815,-40.797418586214995
16.01296186447144,3.189987383075587,12.521057840971386,-42.97683914829498
17.00658679008484,3.898527663007806,14.782047698756756,-45.790070792067205
18.03649663925171,4.527689577303172,17.428436080782316,-49.270471996930134
19.07118940353394,5.006792336503858,19.218395374694477,-53.99625637891192
20.08991050720215,5.30897115696237,21.18820922082076,-59.06674503386456
20.98455667495728,5.437993876697944,23.149460970017945,-64.02603876173296
22.04315567016602,5.444925489353844,25.316260349933717,-69.09652741668559
23.07559180259705,5.327743806340882,28.031178523778465,-73.14402274656584
24.06459879875183,5.129780780438392,30.720407544102752,-77.46950539344932
25.03413414955139,4.882614698188459,33.09275792792527,-81.87282448801858
26.1021454334259,4.587111631355135,35.54219052694044,-86.28726307642798
27.0277099609375,4.350090754619892,38.15434583889318,-90.00117362576287
28.09171795845032,4.154790314416376,41.417390185833895,-92.36962556332018
29.05532097816467,4.102235544665898,45.87088950846019,-95.13837923739044
30.00193667411804,4.207779327406612,50.48710746571164,-96.67286922464535
31.04845476150513,4.533742938323841,55.24034339780986,-96.22808951843042
32.02293801307678,5.0285873499095,59.496836542803344,-94.82703344311072
33.01941299438477,5.684118517370698,64.43846965574929,-92.25843063694327
34.04313397407532,6.43953922903892,70.75039444326919,-88.93370233028119
35.04483509063721,7.169317441888535,78.03865428341967,-85.69792996514502
36.04807567596436,7.807175112827653,85.34403046135665,-81.8950634735769
37.02408909797668,8.281066615268386,92.7350387355688,-77.72525372489424
38.02709054946899,8.589761441709236,99.4494506787513,-73.31081513719218
39.02320551872253,8.721288548517787,106.79761336828598,-68.57391126207757
40.00324940681458,8.707206512013625,114.32562514308971,-64.28178709388521
41.00929689407349,8.585424550052052,122.15338302690492,-60.123096836920745
42.01331472396851,8.399744249021435,129.57859715908342,-55.31947600583853
43.0316219329834,8.185258069512546,134.56292913262587,-48.514346495020845
44.03643798828125,7.97420498951672,137.19203952115373,-40.530550762344575
45.0076904296875,7.781210668583648,136.96922652859845,-32.64683046291239
46.02705502510071,7.586824983422424,134.86227273382252,-25.219009362827947
47.04175329208374,7.387164110361529,131.44500075176012,-18.76970361811392
48.02562832832336,7.169627354982599,127.10279110072611,-12.38711482795285
48.99898338317871,6.916435859546262,123.00039723809934,-6.527142194521773
49.99241471290588,6.612077208291235,119.03504838210162,-1.3232196276339314
51.03972244262695,6.246141253451478,115.45510179196587,3.602715622957997
52.0680251121521,5.859845305618089,112.3290663427183,8.539770365975418
53.06206464767456,5.485614178915414,109.13452340865486,13.287793733515517
54.04690432548523,5.13836748607659,106.13696731610071,17.6911128287921
54.98808145523071,4.845354172700589,103.18224745160735,21.23823098962263
56.01568984985352,4.578238908659328,100.70712302735645,25.23012885525344
56.99859237670898,4.373011424464946,98.27482727512334,28.843963971344255
58.00748753547668,4.203687174948449,95.73120255592802,32.135333800022536
59.01666474342346,4.061622640724306,92.63947391247304,34.94856544450209
60.03019332885742,3.931567581097783,90.36134886297305,37.928589478900655
61.01031756401062,3.807170693873203,87.80060776048711,40.71958213711457
62.02608275413513,3.674180268509327,85.00007240925272,43.2770654501492
62.82499670982361,3.566734973058274,84.03230562586924,43.988712980234546
63.00889420509338,3.541867068871436,82.51642543932932,44.92275036378102
64.0403163433075,3.403919061693844,79.0393318835899,46.21261151343114
65.08650946617126,3.271879918577995,75.06552637985716,46.223731005856635
66.13281464576721,3.154143636037751,71.63127736762497,45.20073768078425
67.01498627662659,3.069048262408995,68.86504079437898,43.86639856143215
68.04765963554382,2.987603248012158,66.02172949332436,42.02056277848287
69.00821900367737,2.929756663686392,63.37538808453469,40.941971990575695
70.00390148162842,2.887444318350104,60.75474261363428,39.36300403149684
71.00297498703003,2.86068444757636,58.30538678496337,37.01679107949785
72.00208783149719,2.844105891165179,56.19859030958377,35.915961306032365
73.00317120552063,2.827801188660536,53.697834620207864,35.27103073191462
74.00595498085022,2.797765087289672,50.93157774904121,35.99379775442546
75.00681018829346,2.738415038658521,48.533576554371486,37.89523100020953
76.02623105049133,2.633747110652695,46.78645914143074,39.77442526043529
77.04026007652283,2.477649954636979,45.784433057692084,41.39787118921612
77.99115180969238,2.285136015292088,44.748147075846575,43.59953073756173
78.98964929580688,2.044155168366641,43.76324824294807,45.601039416589884
79.99137926101685,1.778662534026635,42.95819915092624,47.54695063278325
80.98379516601562,1.51202172263532,42.7954747415312,48.25859816357592
81.98713803291321,1.260267274255003,42.70126403800368,49.00360417235239
82.995041847229,1.04881890063018,42.06750133663241,50.73824502751012
83.98469519615173,0.9085876511541966,41.425177086223854,52.02810617645292
84.98353552818298,0.8675202300789974,40.928445280358865,53.25125037013545
85.9878523349762,0.964326995245109,40.63725618651392,54.26312420207502
87.03827953338623,1.247476692488744,40.21760349295213,55.330595498264024
88.04721641540527,1.707829174154522,39.67805045472262,56.65381512519063
88.42799687385559,1.927307043711884,39.55815034489081,56.84284650066795
88.98804450035095,2.289906362893948,37.98232331494965,58.833235687270616
89.97748494148254,3.018763702278407,35.58432631915133,62.05788856068861
90.98603367805481,3.813842043201521,32.835197541071864,65.5160507792859
91.98772072792053,4.568052984325825,29.409498907940097,68.8963765494901
93.05473375320435,5.233218571622201,22.832176322852575,71.89863956803234
94.05179858207703,5.651214683897261,17.976261164560366,76.04621033186399
94.99974584579468,5.829611456041405,13.051838602012868,79.63780646310381
96.0008270740509,5.787388229139501,7.579312765846366,82.64006948164604
96.9965147972107,5.554248741908213,2.0382778748527066,84.85284852241715
97.99152135848999,5.208398540375835,-2.3894094531562593,85.89808083234051
99.01229333877563,4.833846812022362,-8.572756239085749,85.48665960410939
99.99515390396118,4.539242787508378,-12.717826071520921,84.95292395636855
100.9856169223785,4.362964741147,-16.65735661300203,84.06336454323137
102.0032601356506,4.320450060507367,-20.562633247889995,82.43991861374323
103.0353500843048,4.386797606714586,-24.81904548313282,80.23825906681226
104.0233883857727,4.489471181042586,-29.503667613317873,78.70376907955733
105.0078091621399,4.560061179940448,-33.999877561286304,77.53622234941693
106.0062139034271,4.544411612728273,-38.57316792100827,76.1240467809644
106.9882500171661,4.422508423909868,-43.03512592876039,74.60067628542765
107.9953036308289,4.20762666090596,-47.20590215842732,73.16626173141682
108.9809274673462,3.96246907418721,-50.60590640066366,70.95348269135305
110.0243225097656,3.742650012819329,-52.567133105554866,67.58427641428166
111.0413510799408,3.637827162618418,-53.21803913682685,63.83700738625564
112.0215380191803,3.677464948584229,-53.046778427049304,60.41220364564215
113.016597032547,3.85912431502135,-51.5394967208239,57.27650671445738
113.9962642192841,4.141909877606683,-49.24430910610155,53.48475971602207
115.0043523311615,4.479761459087206,-46.71788287533325,50.03771699055759
116.0242187976837,4.801900404571857,-43.968787248307365,46.06805810836312
117.0231595039368,5.047537090055076,-41.065539699099894,40.74182112267288
118.0222949981689,5.202551769048402,-38.881683931911255,35.61573500417814
119.0566849708557,5.276632848203263,-36.064063945130634,31.890704961710426
120.0079271793365,5.294030922035961,-33.263570751626354,27.932165573356095
121.007851600647,5.292653789917933,-30.343172528514973,24.60743726669401
122.0234260559082,5.297432089518303,-27.53411027185405,20.426508024878554
123.0170922279358,5.32112040230298,-24.7764316508375,15.911994002517748
124.0034184455872,5.363409868530594,-22.378447900390302,11.886737658195813
125.0164947509766,5.418536457982208,-19.53511901951219,7.917078777415987
126.0365259647369,5.47582785778589,-16.794558720133335,3.8918224323867268
127.1116645336151,5.529899370584566,-14.26810426271844,-0.9562763691047804
128.1508839130402,5.574054619895202,-10.885219896880795,-7.672449938396553
129.142138004303,5.613236052990969,-7.476634889254629,-12.509429247462567
130.1741445064545,5.66000336228534,-4.299282561315596,-18.5806722426366
131.1158933639526,5.715724847655562,-2.5093431730796367,-21.527337798344035
132.1312854290009,5.793196626710063,2.389444802230998,-27.921046080223277
133.0790374279022,5.877987582533826,5.575375122353979,-33.32511951501394
134.0335114002228,5.966081837822823,9.549228086122461,-38.55128106746009
134.9970242977142,6.045707970442667,12.803682877494662,-44.16662486328637
136.1249816417694,6.111291428777673,16.18660603841703,-49.0592016358945
137.131206035614,6.131737822509651,19.689437777901173,-55.28611752785473
138.1571316719055,6.102360041075678,22.918213586191452,-60.768027411745805
139.1668238639832,6.009227877717589,25.47040844973679,-65.93859150064985
140.1846764087677,5.836147730168852,28.014044198819715,-71.60953275931092
141.1931772232056,5.579185243700785,31.405554605235963,-76.78009684821497
142.1981024742126,5.249177475219259,34.04340790958248,-82.77350339428857
143.1524872779846,4.900097378978018,37.44348604628484,-86.78764024618502
144.0851545333862,4.576597740203998,40.48385850765778,-89.86773971382766
145.0972502231598,4.317540703465793,43.404335510432254,-93.58165026386989
145.8919968605042,4.230061016406546,44.44063277577032,-94.60464358894227
146.0114917755127,4.227856938458638,45.151481401084,-95.29405213488396
147.0228514671326,4.335529046594849,50.13596756810612,-96.71734719576197
148.1520545482635,4.720576391890981,55.59147898539697,-95.59427843603086
149.002790927887,5.16192470420032,61.124058359005886,-93.21470700675538
149.9926145076752,5.770939501510612,66.86218281887254,-91.20207883388709
150.9860336780548,6.400396402800261,74.14189920291791,-89.74542529502527
151.9985311031342,6.97725002381179,81.23316558988694,-85.37546467843981
152.9973857402802,7.426258016543898,87.5621983843964,-81.36132782583604
154.1394567489624,7.767620612910689,96.19504433175051,-77.61405879781003
155.1566362380981,7.92979920390542,101.66761705852448,-72.92163289381205
156.1635849475861,7.988798908210923,108.26212360275326,-68.8630180715063
157.1244289875031,7.979459701783586,115.25915090952607,-64.99343462397056
158.1185939311981,7.923638280535259,121.90501763807372,-60.178694299755534
159.1367225646973,7.828896475502392,128.4566652399144,-55.18604209390332
160.1432495117188,7.700561735810387,134.87984114283444,-50.30458481372069
161.1599450111389,7.536013405469841,138.41678605501224,-43.14363153821399
162.1370351314545,7.347180103658265,138.5108550144259,-35.43782312183363
162.9926254749298,7.161662722007582,136.42959724555325,-28.31022832431074
164.0060560703278,6.924648904530705,133.2863811244746,-21.89428105687319
164.9983675479889,6.680741500531608,129.51798837524598,-16.212220305079295
166.1061308383942,6.398152543155985,125.78385929672594,-10.585757016827513
167.1865103244781,6.111090437943496,122.08399743790682,-5.248400538004461
168.125789642334,5.850668862622405,118.92369819166132,-0.3891822433801373
169.1202449798584,5.565174815938711,116.07172313680014,4.069734314731233
170.1893515586853,5.254715303056247,112.59455065218953,9.106864492407386
171.1393985748291,4.988028464137281,109.98238478811685,13.398988659892419
172.1061069965363,4.740277144747362,107.43017621393845,17.36864754208689
172.8769967556,4.568967390040208,106.22259064745067,19.09216890481913
173.0003464221954,4.544068654374848,105.27194130316781,20.248596141826724
174.0629684925079,4.361433815040672,102.32578338262738,24.07370161895317
175.2793834209442,4.217807047457803,99.87635048502172,28.265750353194118
175.9951229095459,4.157786773517157,97.68386007170818,31.490403225904796
177.0079321861267,4.086345190818059,94.86617723780354,35.04864087774617
178.0124816894531,4.009647391013144,92.40819847320705,38.340010707131775
179.0423080921173,3.904647924141538,89.96734886322052,41.753694954612456
180.0294539928436,3.770150832387413,87.39804051715363,44.93386985691383
181.1630539894104,3.580516397488601,84.56324561995442,47.88053541262127
182.1124300956726,3.408185093232063,81.83123998234005,49.29271098178112
183.1322612762451,3.229502586632788,78.91940509387302,48.89240924526816
184.14768409729,3.075074363011524,75.76778046138395,47.569189618341554
185.1058752536774,2.95948157736955,72.9415990760965,45.890146226018615
186.1217560768127,2.870200959950393,70.38947024082164,44.41125370159848
187.1540327072144,2.809320178082863,68.07713666936317,43.210348494181595
188.1234822273254,2.771514793349235,65.5078732680868,42.23183313951851
189.1143360137939,2.743397829820803,62.45045016922292,40.91973300501739
190.1329708099365,2.717042304028667,59.744161202942074,39.45195997302275
191.1144170761108,2.687714719532595,56.789499729952,39.11837519318473
192.099160194397,2.650556468555083,53.39806062790578,38.91822432528191
192.9969851970673,2.60870154616409,50.37488202697241,38.996060774382336
193.9916117191315,2.553479548007755,47.326000221872725,40.78629909308218
194.9768559932709,2.48925751626888,45.5617540957605,42.865644221918075
195.5059967041016,2.450044871353115,45.34764502800551,43.3882603765261
195.9905824661255,2.410376204294319,44.55116076422594,45.12290123239116
196.9901061058044,2.313356725483246,43.51487463129829,47.502472662373954
197.9866507053375,2.188804797172365,42.90680413316519,49.27047199622281
198.9971058368683,2.026381085770802,42.56422419655475,51.194144226857865
199.9952745437622,1.828442963575919,42.64985564952633,53.15117493547672
200.9896991252899,1.602954959149852,43.08662517674366,54.24088521651671
202.0698957443237,1.351843310092591,43.16369660538193,55.41955143978994
202.9897723197937,1.165953123647009,43.12943409331814,56.420305779304016
204.0542743206024,1.033738030384418,42.87250141302328,57.4877770747857
205.0531356334686,1.043202763821939,42.88106513996972,57.57673301631161
205.4309968948364,1.090697841454821,42.872500855346416,57.587852509444424
205.9873631000519,1.210907949045978,42.35864385668941,58.24390257598766
206.9895401000977,1.589453638611937,41.27954414135982,59.67831712999849
207.9894046783447,2.171623379796251,39.32689344869965,61.31288255191214
208.9790167808533,2.911687898201031,37.545526300951984,63.281032753663816
209.974760055542,3.745808988414685,35.05332503662832,66.39449069999759
211.0927948951721,4.663402622629168,30.40294152777713,70.36414958077741
212.0389649868011,5.317613603065095,22.652314614428054,76.43539257524412
213.0510151386261,5.808908172165713,16.066436982012828,79.40429711650987
213.9905846118927,6.037767865146219,10.54252606281057,81.36132782583604
214.9911832809448,6.05206329568832,4.76169255374704,82.61783049679505
216.09481549263,5.861787351965879,-0.8135983372974913,84.6082196833977
217.0925483703613,5.594107811637359,-5.986369929467302,85.88696133991502
217.9849021434784,5.348550961013802,-10.388363466241119,86.5874893782822
219.012374162674,5.117965949408684,-15.115801038043331,84.4303078010532
220.1298594474792,4.961917119603883,-19.48354955041061,80.49400739754986
220.9942207336426,4.900558325647673,-24.63920601645525,77.52510285628411
221.9834499359131,4.862565832153775,-29.066904187964422,75.85717895709398
222.9978022575378,4.819875289097912,-34.017020368734144,74.27821099872244
223.9988749027252,4.745984040103632,-39.02708520482061,73.25521767294273
225.0065135955811,4.637337317389926,-43.737404829941674,72.10990992906797
225.9745426177979,4.523722463186309,-48.1993661888583,70.58653943423853
226.9968655109406,4.435788474219222,-51.07696708691065,66.55016359607646
228.0053281784058,4.423831888482943,-53.00394484064132,62.2246809499003
228.9747114181519,4.506554958411392,-53.83470331496781,58.032632215659355
229.9830553531647,4.689225644871906,-51.094178664768236,54.029614856895726
231.0051252841949,4.946304882506995,-47.80554069172176,49.971000034589984
232.0336720943451,5.229814512037913,-44.9194173715343,46.079177601495935
232.9979391098022,5.472043655323455,-41.61364871161735,41.197720321313305
234.0117757320404,5.664907183109718,-38.14515577450631,36.19394862232828
235.0089583396912,5.775894264087315,-34.92501993194906,31.568239674297892
236.0193827152252,5.813577546732253,-31.884734917658616,25.663789069750198
237.0118510723114,5.799846254469342,-28.767363815260286,20.571061428531934
238.0387513637543,5.76573302223182,-25.812708409110037,15.867516032108453
239.0409474372864,5.743983167666961,-21.89028463161439,11.764423239393418
240.0288043022156,5.754496009853796,-18.17339843984868,8.050512689351198
241.0893113613129,5.810190103789962,-15.107395474192492,3.647193594074616
242.0338540077209,5.895686727855747,-11.75020320443865,-0.7561255012019652
243.008202791214,6.009128779118679,-8.238850319380614,-5.626463288251782
244.0300586223602,6.139882497896493,-5.010114591414115,-10.096499339495967
245.0258736610413,6.259795355512426,-1.8841468915622626,-15.133629517172121
246.0085475444794,6.350335140961072,0.5823730996419803,-20.726734326732775
247.0279490947723,6.393277760085262,4.0509214914028275,-25.908417908062308
248.0288670063019,6.366907786715783,8.264570923666858,-31.434805762362682
249.0248875617981,6.263988572689002,12.221297123967986,-37.31701738205939
250.0105268955231,6.091661688210134,16.237979721596027,-43.19922900104878
251.0169961452484,5.865185975264087,19.560955019124755,-48.39203207621845
252.0093431472778,5.627310589515908,22.609874296769338,-53.106696965774745
253.0087883472443,5.413081387596165,24.93082508655952,-57.09859483211288
254.0044934749603,5.256334611924386,27.51727317622219,-61.05713422046721
254.8629970550537,5.177026072336196,28.536436514718385,-62.42483181851044
255.0289905071259,5.167436865923039,29.93244556119879,-67.28405011242744
256.0067281723022,5.142167397261248,31.90227217527851,-72.91051340067922
257.0100688934326,5.1528254731357,34.17185745056274,-79.13742929334677
258.0113027095795,5.17344908800112,36.61273901713703,-86.40957749523037
259.0057280063629,5.186490946062915,39.73020069892727,-91.46894665775751
260.0213401317596,5.191419985646645,44.6119258490074,-95.50532249521227
261.0244193077087,5.203811220467656,49.02259049591648,-95.81666828949199
262.007951259613,5.247302157905917,55.01765936477507,-94.8603919203872
262.9888665676117,5.344031221683677,59.63387225650437,-95.52756148006326
263.9990515708923,5.512288240529234,65.32918178464648,-94.09314692675974
265.0114078521729,5.748621934208406,70.73329777015186,-92.42522302686228
266.0303955078125,6.037500549896108,76.53992184148532,-89.16721167616781
267.0522022247314,6.351723119434777,82.62060243953842,-86.02039525255756
267.9920828342438,6.638051752305913,88.31587920071716,-82.71790593145379
268.9926879405975,6.918247138227035,94.00258235027579,-79.05959284424635
269.9884085655212,7.15565396356994,100.40012739426959,-75.74598403071708
271.0027735233307,7.343706569183294,107.42285211757886,-71.4538598618174
271.9930830001831,7.468242516933755,114.29998806731868,-68.05129510676223
272.9993469715118,7.532213368267757,121.17710812654033,-64.02603876173296
274.0269284248352,7.533442464525915,127.83154519991625,-59.84510951991751
275.0012099742889,7.479694346955537,133.22698028294678,-53.618193627957275
275.9897444248199,7.378028986979724,137.86875089306628,-47.73598200826057
276.9990003108978,7.234975010541171,138.30538973023272,-39.807783739126414
278.0323231220245,7.05766916534367,136.91780892600605,-30.86771163663804
279.048840045929,6.861742477550567,133.47484459172975,-24.6963932075126
280.0203037261963,6.660611119469426,129.76640142738896,-19.06992991926082
281.0153098106384,6.444362941573877,125.15872932400235,-14.510937927198043
282.0077533721924,6.22033063365495,121.17625277843642,-9.718436589248647
283.0199177265167,5.984102605493819,117.89604893498681,-4.647947934296015
284.0125858783722,5.745440180054278,114.23903780536656,-0.7227670239254858
285.0183463096619,5.498115443742472,110.8132470054293,4.525633514786298
285.9955945014954,5.255852198006028,107.92702027199036,9.06238652199809
287.00688123703,5.009167761747429,105.07505995309216,13.165479314713124
287.99320936203,4.780497973452785,102.52285220382619,17.257452615002666
288.7539968490601,4.617627827263937,101.40090994069745,19.01433245571871
288.98712682724,4.570658035973572,100.36461590758759,20.382030053761934
289.9992525577545,4.385199939771924,98.56606565489228,24.651915237103307
290.9896273612976,4.233557377026958,96.05669520023599,28.043360499732994
291.9904940128326,4.106011196559139,93.3075300526783,31.256893879310855
292.9901056289673,3.994215592636361,91.03796579528738,34.414829796761246
293.9885692596436,3.884921621907299,89.20517849667628,37.695080132306714
294.9924325942993,3.765876716626523,87.40664619067154,41.286676262839215
296.0024464130402,3.631550461288988,85.00862362513024,44.45573167200778
296.9932878017426,3.488994360075966,81.95972704001608,47.07993194101001
298.0581393241882,3.335945122821509,78.48263341849447,48.48098801703704
299.0754809379578,3.204187005599048,75.28817844636295,48.069566788805915
299.9845871925354,3.106885557439845,72.49624423277814,47.43575570640635
300.4869968891144,3.062254414281883,71.68264382927883,47.235604838503534
300.9913735389709,3.023392834297674,69.9012883809611,46.64627172722058
301.9952790737152,2.959009197715374,67.22925814701823,45.36753007141059
302.9871082305908,2.901997768108386,64.754205718341,43.94423500982525
303.9845039844513,2.839476093250233,62.244896134283756,42.43198400742132
304.9863543510437,2.765260258638456,59.77840461171682,41.197720321313305
305.9881916046143,2.681973882407949,57.3975508263421,40.486072791227954
306.9904656410217,2.598932930745795,54.95674459591804,40.096890548555145
307.9949781894684,2.526653088454236,52.77287288423781,38.61799802342769
309.0184116363525,2.468876816876083,50.82878827071397,38.79590990647952
310.0211820602417,2.4201051940578,48.781926969631996,39.896739680652324
310.9836058616638,2.361713427305137,46.9662976538738,41.50906611630034
312.1014108657837,2.247002151339925,45.60457100907647,43.58841124442891
313.1120953559875,2.073762899522283,44.81664815993424,45.8011902844927
314.1012487411499,1.833532394021578,44.33704010118677,47.68038454471846
314.9873044490814,1.574409013339983,43.985896266692734,49.47062286412562
315.9883406162262,1.274315540671868,43.806042390623574,50.34906278483731
316.9811313152313,1.032776883867807,43.848863102428986,50.4268992332304
317.9929528236389,0.9174229860001817,44.08009606719259,50.64928908669153
317.9999969005585,0.9171831277877192,44.11435324561727,50.60481111557491
318.990974187851,0.9923899796640457,43.89167842122344,51.44989255830279
320.0579257011414,1.312676510694307,43.55766665503087,52.650797766427004
321.0437862873077,1.819648784365064,42.88964498463253,54.77462086425755
321.992992401123,2.458427553126453,41.476533508369734,57.398821133967104
322.9849135875702,3.217838068655454,39.36115538774285,60.323247704116234
323.9918155670166,4.002590501617875,37.69111330176203,64.2373091227686
325.0852789878845,4.77456287311626,35.96111693754524,69.54130712360784
326.1731469631195,5.376077742275761,27.80797803746267,72.63252608367598
327.0440111160278,5.700700622269368,22.044260532818804,74.9453805583985
327.9977748394012,5.883626848697971,15.261407035410526,77.01360619410158
329.014354467392,5.891507264567656,8.94102365651039,79.32646066811677
329.9899117946625,5.753750808648286,3.2372664651609884,81.03886253842352
330.9771392345428,5.523584628357004,-2.2780757984787305,83.07372969614279
331.9841039180756,5.259470944133412,-5.678060270839863,84.20791794759208
333.0020806789398,5.024588593631479,-11.244782109688925,86.88771568013642
334.0377793312073,4.864595311796971,-15.818062824600574,85.43106214056728
335.0201787948608,4.801559368921447,-20.40847702157348,82.70678643761364
336.0091979503632,4.813597348205832,-26.557575236679863,80.93878710376478
337.0333824157715,4.872909983630989,-31.39635186742612,79.64892595552931
338.0079245567322,4.936194959353447,-35.74697676652371,77.05808416451087
339.013679265976,4.977979610946578,-40.17468115747391,74.71187121251188
339.998382806778,4.984099363851175,-45.33034456872263,72.5769286208412
341.024023771286,4.963749583511174,-49.389795686108656,69.88601139587136
341.9951875209808,4.943986089069071,-52.67847897729657,65.96083048550084
343.0157878398895,4.953065131138547,-52.92687299858724,61.335121536763126
344.006822347641,5.012009140109234,-50.80297534036376,56.99851939816148
345.0029306411743,5.125496196148559,-48.10527419626167,52.30609349345616
346.0139768123627,5.282718527718584,-45.10781823963407,48.18076171518282
347.0128033161163,5.453368437992212,-41.690712843865015,43.78856211233173
348.0102601051331,5.608570727240506,-38.84740745883721,39.47419895858106
349.1341395378113,5.732886238466246,-35.75573910117602,34.425949288479416
350.1569404602051,5.782911424402569,-33.12653690786188,29.266504692708196
351.1381423473358,5.77522708266688,-30.651487388297554,24.229374515739366
352.1576554775238,5.725642674463991,-26.754765723479185,19.41463419152434
353.1668131351471,5.66114767908851,-23.09783703335717,15.178107486874094
354.0929584503174,5.613326516495702,-19.535110125839026,11.419718966422575
355.0382511615753,5.595385252851048,-15.741146079523965,6.749532047275575
356.115453004837,5.625181472170846,-12.195541829376264,1.990389186602659
357.0194444656372,5.689778245635067,-9.56631107904682,-1.8235967966836464
358.1538236141205,5.804796346906913,-7.031284990773412,-5.682060751086571
359.1321423053741,5.913423290387038,-4.37635707583025,-11.097253679010045
360.1380844116211,6.01632146724083,-1.156181578417868,-18.66962818345519
361.1391937732697,6.102658369836616,2.3723150925836616,-24.440644876774996
362.1251029968262,6.175939633739552,6.414675094337528,-28.755008030525666
363.1286458969116,6.248507050982934,9.686253042639578,-35.115357834421104
364.1272418498993,6.324946312631493,13.20619949121995,-39.974576129045424
365.1333017349243,6.399351364794853,16.79466437977157,-44.51132913625722
366.114581823349,6.446144842842133,20.297492839682125,-50.09331445339238
367.116054058075,6.43085371266501,23.877405421144843,-55.64194129254374
368.0974676609039,6.31743847345689,27.19182799416212,-61.14609016199313
369.1091768741608,6.075654792189879,29.358631984536167,-66.93934584016392
370.1455092430115,5.706334212831666,32.142075280164306,-73.09954477615655
371.1399714946747,5.285653499887839,34.71998037985246,-79.78235986746452
372.1513414382935,4.875939735802596,36.46713854372399,-85.15307482497869
373.1370480060577,4.590273807350922,38.56543370286063,-89.45631848559654
373.9959828853607,4.498329410604126,41.21184387164759,-92.19171368097567
374.9949922561646,4.620667427485141,45.69959913657416,-94.71583851531918
376.0089204311371,4.995244007186783,51.506255412550175,-94.42673170659776
377.0137138366699,5.559777747506041,57.17588254987191,-94.34889525820466
378.0107851028442,6.217135998702893,64.078770465634,-92.88112222691736
379.0077366828918,6.86794399501883,71.60684631055986,-90.35699739186653
379.9907023906708,7.418394835922672,78.99787769421542,-86.92107415812022
380.992258310318,7.833221877534662,86.13197393538324,-83.74089925652616
382.0174684524536,8.090551899904185,92.93203853776322,-79.31534117569127
383.0383234024048,8.198384905800312,100.34873318853778,-75.13441193387582
384.0535781383514,8.19758936555372,107.18304427225853,-71.05355812601178
385.0841882228851,8.129536712109337,114.95084509650839,-65.73844063203971
386.1945221424103,8.020503642933404,122.6501311656369,-61.10161219158383
387.150381565094,7.91742991549602,129.1332637133333,-56.075601507040496
388.0194563865662,7.822906237439662,134.974045016249,-50.08219496096689
389.0157523155212,7.712650883586562,138.27118316386745,-42.63213487603146
390.0202515125275,7.591896201514167,138.97332262812802,-35.10423834199561
391.0117735862732,7.452054741819921,137.10617386692965,-28.054479992158488
392.0098292827606,7.280029716880375,133.99721395011315,-21.60517424744446
392.9983961582184,7.073492034687394,130.554256291788,-15.444975311451836
394.0199820995331,6.825095460564766,126.4604332511057,-10.24105274385667
395.0238447189331,6.557580023095462,122.68349972504393,-5.3595954643813615
396.03409075737,6.281143956926841,118.76954290209709,-0.5114966628898543
397.0675275325775,6.007824692606078,115.1210840988335,4.314363153750667
398.0708849430084,5.763649534257509,111.54970594712019,9.3070153603102
399.0318214893341,5.554577335098378,108.41511120653334,14.232950610194806
399.9964632987976,5.369045796525532,105.37473029795306,18.9476154997511
401.0111649036407,5.196576988159959,102.53133570920394,23.317576117751205
401.994063615799,5.046044325771606,99.38820155408175,27.20939854943061
403.0128879547119,4.900172182334106,95.97957361569459,31.512642211463103
403.7869966030121,4.791550729223786,94.70347828520065,33.28064154460464
403.9920170307159,4.762623144956298,93.3074913486324,34.448188274037726
405.0116646289825,4.615179128530345,89.95883025834732,37.85075302980023
405.9981026649475,4.463923783744613,86.1220106254576,41.231078800004425
406.9986824989319,4.301126477696323,82.22525099973015,44.02207145892567
408.0055508613586,4.13181453242037,78.39702077290212,45.567680939313405
409.0019965171814,3.966609555214205,74.44034297947373,45.623278402148195
410.0319652557373,3.807929106475287,71.12599941757921,43.89975703870863
410.5049967765808,3.741424729062809,70.35522315334664,43.33266291369131
411.0006904602051,3.676827594843572,68.36833097623696,42.065040748892166
412.0178666114807,3.560845330897753,65.23383719301304,39.918978664795986
413.0610823631287,3.461277343237353,62.159286346023855,38.39560817067389
414.0375633239746,3.37725354112817,59.13611539921209,37.43933180086179
414.9854617118835,3.293855229998661,56.19858332432975,36.87223767513714
415.977569103241,3.194688326617104,53.27817830830277,36.44969695448053
416.9787063598633,3.076459621137649,50.51192591562622,36.560891880857426
417.9778034687042,2.941615791093012,47.916947450054124,38.45120563350868
418.9775621891022,2.798974715129086,45.91289813387125,41.15324235090401
419.9778370857239,2.662825456000039,44.50834446864457,44.277819789663276
420.9758322238922,2.547321197066423,43.891704366945184,46.90202005866551
421.9776971340179,2.458454169628118,43.68615123585375,48.925767723251965
422.9862561225891,2.39076845845371,43.2236702983616,51.12742727089026
424.044356584549,2.323013173254733,42.32441229282253,53.64043261280826
425.0491759777069,2.23563907461647,41.7334695566955,55.675299770527545
425.9819047451019,2.115596733804225,41.36519657252342,57.77688388421443
426.984365940094,1.938273400239692,40.67148352571439,59.856229012343
427.9804708957672,1.725589283680147,39.609511529769925,61.53527240466594
428.9824860095978,1.507631514702075,39.05283031410981,62.91408949513466
430.0018501281738,1.326299496871951,38.744515416310236,63.525661591975926
431.0102834701538,1.226772465330365,38.44476450533192,64.19283115165197
432.0162675380707,1.225680706313951,37.56264566798694,65.13798802833126
433.0269720554352,1.31325903487834,36.30370143779665,66.12762287541985
433.4489967823029,1.367893914943024,36.05533825325887,66.33889323574816
434.0847373008728,1.459028556024613,35.03619164756622,67.48420098033026
434.9818093776703,1.581793613081265,33.52031995525478,68.8963765494901
435.9869475364685,1.672589846273097,31.55054797983497,69.76369697706897
437.0043532848358,1.683916841249037,29.041231895812015,70.47534450715432
438.0432226657867,1.608616521585004,25.829652230414705,70.88676573538544
439.0740365982056,1.474859678313152,23.551571801842975,71.22035051522346
440.0877814292908,1.332465949822746,21.461904788236293,71.32042594988219
441.1371493339539,1.227257104439632,20.023117440570967,71.48721833909389
442.014481306076,1.203456010922101,19.089617539554226,71.99871500269106
443.0785071849823,1.271608520385351,18.49868551488848,72.7214820252019
444.1599862575531,1.444092422033729,17.21405567117085,72.23222434787036
445.0080187320709,1.634134357873289,15.295675027335545,71.3871429058498
446.0359616279602,1.900021064120436,12.957645115802704,72.09879043593514
447.1211330890656,2.188882473850396,11.51885520124901,74.20037454962203
448.1143395900726,2.435687493991588,9.309287572832758,76.54658750162102
448.9993226528168,2.629868761234536,7.091157983998355,77.92540459208975
450.0286960601807,2.8212204168757,3.8453251356323555,79.6711649403803
450.9986610412598,2.972983311825724,0.4795950457996157,80.81647268496239
452.0117294788361,3.116760445764306,-2.4065389805745894,82.23976774584041
453.0135221481323,3.265657730406371,-5.746575363343985,82.13969231259632
454.0090255737305,3.442552732512637,-9.87451855361671,81.49476173777126
455.0995237827301,3.687561167796899,-13.925383875630299,81.28349137673563
456.0094909667969,3.934113437499467,-17.98481478744338,80.57184384665028
457.1436758041382,4.272641059616822,-22.095632183001424,79.6711649403803
458.1359210014343,4.55857233760806,-25.84675741124848,77.80309017328734
459.1619780063629,4.796511803390614,-31.05380107052912,75.40127975703892
460.1511816978455,4.934359804078545,-36.09812942415174,72.7103625327764
461.0168554782867,4.970468812298293,-41.159584788404395,70.94236319892755
462.0563445091248,4.925042697372486,-46.31525253946927,68.55167227651926
462.9941551685333,4.840015518249832,-49.61249610728295,65.08239056478915
464.0028855800629,4.76103311024523,-50.86290108807519,60.60123502111947
465.0109486579895,4.753765610198788,-49.578295928940236,56.2868718673688
466.0101108551025,4.854767249996322,-47.30023776583417,52.12818161111166
467.0040979385376,5.065135591126616,-44.987919554901126,48.08068628052409
468.0172748565674,5.358935896447577,-42.22169453080774,43.988712980234546
469.0329096317291,5.672982811463971,-38.97586998143818,39.69658881204219
470.0227465629578,5.932081287390314,-35.02777399713925,35.29326971747293
470.9999129772186,6.091487421651527,-31.019726189196057,30.278378525355087
472.0025014877319,6.130749740784294,-27.791019769314513,25.530355157107664
472.9999475479126,6.055416311287933,-24.8963208450774,19.181124846345043
474.0173318386078,5.905145532380928,-21.787506288966256,14.255189595753116
474.9999785423279,5.750660292531447,-19.029821754062134,9.874109486034843
476.1240265369415,5.638858854625802,-15.655507943607066,4.458916558818693
477.1397068500519,5.643168411760019,-12.88068742122165,0.3224652874125322
478.1198735237122,5.747980794853053,-10.088735157295162,-3.6805520720584184
479.1275839805603,5.927892592966948,-6.603072671235174,-8.428575440305842
480.0623726844788,6.111546256403133,-3.622700374026529,-14.622132853574943
481.1252591609955,6.277166915708714,0.471037138233418,-21.916520041724176
482.1592140197754,6.347877807410041,4.162258086812862,-26.8090968143323
482.9977774620056,6.329379067233786,7.348189669344,-32.71354741888
484.1208884716034,6.216247717930383,10.260067545827454,-38.595759037869385
485.1665852069855,6.061079951089665,13.711500551998899,-43.054675597395395
486.1255710124969,5.915391334534942,16.726157638973085,-48.169642222757325
487.1353724002838,5.785423543233741,19.76651148876446,-53.17341392174235
488.1161952018738,5.689038602186612,22.293007337267124,-57.88807881129865
489.1379463672638,5.606578571339744,25.085005624198164,-63.91484383535606
490.0351784229279,5.52688110591968,27.431663204314443,-70.47534450715432
491.147659778595,5.384770661386688,29.64128779358243,-75.21224838226892
492.1444497108459,5.195887887025112,32.587451646387464,-79.99363022779282
493.1366586685181,4.952332903867281,35.67064524376348,-83.90769164573786
494.1259832382202,4.685040118341054,38.71102419426284,-88.64459552085246
495.0088672637939,4.471310097586765,41.59724255731413,-92.4029840420113
496.0048213005066,4.322724996412948,44.92881204524133,-96.12801408447902
496.7769968509674,4.316068098255037,46.153524753874024,-96.85078110769719
497.0099174976349,4.336505913388514,47.67799299271235,-97.80705747680196
498.0277667045593,4.557905079287917,51.01811292139856,-98.62989993397153
499.0612676143646,4.988629833770574,56.499320958264455,-97.80705747680196
500.0264086723328,5.526623502293575,62.699925417626645,-95.56091995875437
501.0011115074158,6.124483810443252,69.08893786791666,-92.75880780670032
502.0070199966431,6.711456453730636,75.20387896593941,-89.31176508052852
503.0194971561432,7.199234999306157,82.4150652285888,-86.7654012606267
504.0611834526062,7.552509735042983,88.9839085016241,-83.38507549112984
505.0509028434753,7.745942407509656,95.16734370600936,-79.57108950642888
506.0532026290894,7.823359036877513,101.66764791490851,-75.25672635267821
507.0294213294983,7.816240071434033,108.57903393946769,-70.90900472165107
508.0014865398407,7.757993231306473,115.86725091558625,-67.01718228855702
509.0352392196655,7.663213748455677,123.90054833755195,-62.42483181851044
510.0411098003387,7.550136383630766,131.05171174406226,-58.054871201217665
511.0052378177643,7.424761411051434,135.7791319129575,-52.272735015472364
512.0004618167877,7.276164909898531,138.24553031966582,-44.867152901653554
513.0123536586761,7.103258694915912,138.24540324599178,-37.79515556625812
514.0366208553314,6.906146697153946,136.30974327661536,-30.934428592605645
515.0221836566925,6.698168874792478,132.84964731443472,-24.562959295577393
516.0149478912354,6.474594670327688,128.94423042650314,-19.22560281675434
517.0028946399689,6.242505980660071,125.30431632390214,-14.132875176243399
517.9989042282104,6.002777781742988,121.38179400155111,-9.596122169031606
519.0104990005493,5.756318883770065,117.7504619212844,-5.037130176968829
519.9983320236206,5.514400859423895,113.96498437694717,-0.9785153546630898
520.9903202056885,5.271362933450717,111.3528222102886,2.7687536733629337
521.9920239448547,5.027923294337607,108.25249471913769,6.794010017684871
522.9912402629852,4.791690956893523,105.7345307925063,11.575391863208772
524.0038738250732,4.567099194973212,103.3279193807514,15.322660891234797
524.7649967670441,4.414412940143595,102.5828130510106,16.43461015854042
524.9988329410553,4.371020719430142,100.83567654280229,18.391640867159275
525.9788177013397,4.210668328589344,97.98372148178653,22.65040655736783
527.0051205158234,4.082295081788716,95.55998989834187,26.308719644575262
528.0084664821625,3.993148548786193,93.18764412208418,30.13382512028706
528.9928274154663,3.930152770018859,91.66316205920569,33.90333313387139
530.0425493717194,3.872310508984563,89.5220620406938,37.13910549900756
531.0006563663483,3.811842079531329,85.43686057789465,42.19847466082738
532.0876686573029,3.720273380126119,82.29375075144452,45.34529108585228
533.0040574073792,3.620457843648962,78.88516902708204,46.85754208825621
534.0064170360565,3.492204759582078,74.99700566486902,46.92425904422382
534.9954700469971,3.357087098744279,71.84538173211179,45.36753007141059
535.9858703613281,3.226566730552473,69.17335267632244,43.94423500982525
537.0062353610992,3.108704778638613,67.06656362721601,42.387506037012024
538.0141251087189,3.014930486846131,64.62576661582433,41.03092793210161
539.0137007236481,2.943887944051202,61.80813990542558,39.9412176503543
540.0106823444366,2.8895517309623,58.60511930174488,39.12949468631754
540.9784705638885,2.844662184071571,55.924515241999586,38.55128106746009
542.0030355453491,2.795534358325451,53.338113619315436,38.5290420826091
543.0356087684631,2.734021613934382,50.99151074962941,38.517922589476285
544.0043256282806,2.658130738681306,48.97034208034516,39.618752363649094
544.9844453334808,2.560290051826228,47.18897283060881,40.70846264468908
545.9859774112701,2.440649184326307,46.264019995188875,43.15475103063948
546.9886376857758,2.308325218935169,45.89574470983642,45.334171592719464
547.9912285804749,2.173910052849199,44.94510403777106,47.11329041899381
548.9926047325134,2.047321562088658,43.92594949908154,48.97024569366126
550.0036227703094,1.932370868912048,41.70780846833238,49.84868561437295
550.984879732132,1.830804897458183,40.962712612567245,51.29421966080927
551.9823532104492,1.72837345204958,40.6201342493885,53.02886051667433
552.9816763401031,1.614622614341457,40.30324918596823,54.67454543101346
553.987028837204,1.481904857078865,39.77226042692908,55.975526073089085
554.9879438877106,1.338447840320914,39.0614223644176,57.43217961195091
555.9757421016693,1.212100093976201,38.461920119995575,58.755399238877516
557.0356018543243,1.145039157735179,37.72539066549771,60.056379880245814
558.0466055870056,1.208886332139175,37.12588992796671,61.15720965441862
558.9859445095062,1.427853690514217,36.51782482841186,62.32475638455903
559.9807753562927,1.85290140372454,35.978271669004705,63.914843834648735
560.9874894618988,2.47056638480801,35.33594540330496,66.10538388986154
561.9893581867218,3.211084035053315,34.07699265342945,69.11876640153658
562.9859097003937,3.97344759573328,30.899656532218508,72.63252608367598
564.0396819114685,4.68276847874374,22.95206520543076,75.25672635338555
565.0358638763428,5.161806089441629,16.21203065807538,78.31458683546988
565.9892997741699,5.397108639299504,9.763185269165263,80.49400739754986
567.0080828666687,5.413432897916921,3.665475557539023,82.62894998922054
568.0054194927216,5.255374541729853,-1.3959634347469592,84.76389258089124
569.0128383636475,5.017963762946686,-5.78939369768709,85.6534519940284
570.0280346870422,4.801011212902868,-10.602470504758971,84.94180446323574
571.0424275398254,4.678594618418779,-15.43267857394294,83.24052208535448
572.0850720405579,4.673748698450838,-20.01452838475317,81.03886253842352
573.0367867946625,4.750866097061141,-24.279504595341056,79.10407081536297
574.0174231529236,4.858604723316673,-29.281004094603542,77.21375706200439
575.0324976444244,4.942659545285995,-34.453790566334725,75.22336787469442
576.0008165836334,4.964380280368088,-39.429603668596975,73.09954477544922
576.986314535141,4.930538628985831,-43.98577668511928,70.38638856633573
577.9832632541656,4.875097016525163,-48.7389321133383,67.30628909798575
579.0262625217438,4.851319917811273,-51.99336847636633,62.02453008199748
580.0695192813873,4.912292447011811,-51.890628382659024,57.498896567918514
580.9997098445892,5.053216872815693,-49.70677962782437,53.14005544375855
582.1911792755127,5.327235430481466,-46.19547370041304,48.54770497300465
583.0002176761627,5.537606812091084,-43.05242389754439,44.30005877451426
584.010823726654,5.779740737983464,-39.91793711733535,39.618752363649094
585.0082867145538,5.957884830574526,-36.577903928085775,35.070879863304484
586.0025415420532,6.057961476398222,-33.126534226709744,29.88919628197495
587.1071999073029,6.090274585943281,-30.017730395649153,24.674154222661613
588.1079406738281,6.079477710909107,-27.41420973734197,20.660017370057847
589.1297783851624,6.064969133601689,-24.570889325048206,15.867516032108453
589.9893476963043,6.068516955214889,-21.24796628443222,10.96381976636751
591.1398615837097,6.103821682866173,-17.925040095717584,5.593104810267979
592.1233291625977,6.152424593229006,-14.918987497651894,0.42254072065661674
593.1284701824188,6.202134890920954,-11.399072962814971,-4.514514022360805
594.1394698619843,6.236869155574743,-8.470092474049073,-11.286285054487365
595.1395726203918,6.25038915975938,-5.695264089401949,-17.691112829499424
596.0177934169769,6.249780153642669,-2.7063228500976315,-23.006230322764164
597.1774795055389,6.249252950313664,1.044846986684551,-29.06635382480538
598.1824467182159,6.269124684777649,4.222211790621964,-33.158327125802245
599.163496017456,6.320682257380988,6.7401278744072375,-38.629117516560505
600.1376852989197,6.405571916637824,10.251509956914576,-43.65512820110384
601.170806646347,6.520001228413236,14.259627975022333,-48.436510046627745
602.1494903564453,6.626800898288441,17.91661401336011,-53.75162753989249
603.1666574478149,6.702175687004798,21.316675685876678,-59.48928575452117
604.1532418727875,6.709423217681376,24.819516146826153,-65.66060418364661
605.1370978355408,6.632911434875643,28.37374699429411,-71.44274036939191
606.1727981567383,6.4621664222381,31.69674804072983,-77.93652408592988
607.1679809093475,6.234008556437322,35.05401085319853,-84.13008149919898
608.170651435852,5.98252828732803,39.01077961693551,-89.0226582718071
609.1697468757629,5.760287558338414,42.950421463457765,-93.34814091869059
610.1722323894501,5.611299128988779,47.909216038842054,-95.29405213488396
611.1218631267548,5.565206484610692,53.50176647823095,-95.52756148006326
612.1864581108093,5.630417607873477,59.62530122728476,-94.67136054490987
613.0055496692657,5.754021678924647,65.79164811007342,-92.82552476266792
614.1328926086426,5.995826797457608,71.90660144186282,-90.52378978107822
615.1491384506226,6.246616060140398,77.30214173487519,-88.12197936624445
616.1271858215332,6.484355052559923,82.61203208675695,-85.4644206192584
617.1370811462402,6.702134914193533,88.23023362340277,-82.56223303325294
618.1350557804108,6.876096608697049,94.08822515061748,-78.98175639585325
619.1474668979645,7.005576531916177,100.18601115599903,-75.21224838226892
620.1389284133911,7.087263575695193,105.85557560343135,-71.64289123729472
621.1307401657104,7.127860609518308,112.08181725068675,-67.99569764322011
622.120598077774,7.132059137445185,118.98464146982302,-64.61537187372323
623.1462438106537,7.103750448497411,125.78468245073884,-60.9348198009575
624.1661651134491,7.048575404690652,132.13078875672375,-56.23127440453401
625.1674592494965,6.972855931636282,136.38716889769634,-50.49361618990533
626.1644675731659,6.878152153763699,138.86213690585015,-43.44385784006821
627.1525089740753,6.763938835545213,138.802056363242,-36.2273071010194
628.1050078868866,6.631845716412653,136.7122371508952,-29.288743678266506
629.1183557510376,6.466137509594287,133.15793723510092,-23.095186264290078
630.1504468917847,6.274722937772164,129.2867782931385,-17.768949278599845
631.1573231220245,6.076555543057423,125.03022899487176,-12.309278379559752
632.1625950336456,5.881670869164948,121.34750594281827,-7.63909146041275
633.1832287311554,5.699100548591906,118.12726075669534,-3.0800994683499727
634.1862671375275,5.538219476602896,114.93271639655697,1.2009052074168913
635.1991822719574,5.38639117626373,111.5925805544941,5.637582780677275
636.1123611927032,5.24491327347177,108.32953158980798,9.751795066525126
637.1258964538574,5.066815278830351,105.04935498929163,14.055038727850299
638.1643784046173,4.852642766005728,101.349534598042,18.235967969665758
639.1159727573395,4.633513698592305,98.39480804807495,22.49473365987431
640.0282115936279,4.418229407267105,96.31364765755222,26.06409080555583
641.0388038158417,4.19686808018932,94.84055179631405,29.588969980120726
642.0002233982086,4.022373696622407,93.32463670706517,33.058251691850835
642.9947559833527,3.888537302058232,91.92006323872955,36.104992681509685
644.0078547000885,3.795520035458569,89.23085601474821,39.00718026680783
644.9918124675751,3.729227414522154,86.91847727905488,41.92048734523879
645.9797186851501,3.663340201890974,83.56126370603884,44.800435944978624
647.0031163692474,3.574713350752605,79.99852663659897,46.179253035447346
647.9982469081879,3.458793225922492,76.33303249910719,46.30156745495706
648.9856622219086,3.318825520768121,72.71036953432633,45.37864956312876
650.0024271011353,3.164928314995819,69.90987464356488,44.222222326828486
651.0010032653809,3.025283438349327,67.67462241982679,42.64325436845695
651.9837467670441,2.916459763433438,65.27664529314877,41.464588145183725
652.9752459526062,2.843250425653163,62.66455947064685,40.51943126921176
653.972404718399,2.802300043356421,60.01821386557757,39.85226170882839
654.9812726974487,2.778924254853616,57.329043185978236,39.64099134850008
656.0022177696228,2.752621491073898,54.6056223309869,38.45120563350868
656.9960467815399,2.706046496167456,51.7879836009922,38.79590990647952
658.0024757385254,2.62736792675987,49.51844748411634,40.57502873275387
658.9920914173126,2.519249571778056,48.182412076658196,42.754449294833854
659.9897515773773,2.388432172335813,47.891214362842355,44.93386985691383
660.9939115047455,2.248212929895051,46.91488528876997,45.92350470400242
662.0889918804169,2.099759498873396,46.49522891704969,47.38015824357156
662.9953544139862,1.985468681021683,46.375319513636484,49.05920163518718
664.0088593959808,1.86383930909624,45.41611502586635,50.827200969036035
665.0170469284058,1.739142013291912,45.047847313945255,51.816835816124616
666.0247797966003,1.598561303922324,45.364719741911586,52.50624436135898
666.9871859550476,1.443631910461612,45.34758453346393,53.65155210594108
668.0012009143829,1.265815334835194,45.15060005797295,54.8858157920491
669.0029447078705,1.101150935004086,42.82969057227245,55.641941293251065
669.9958510398865,0.9915557379024439,41.90474927708168,56.55373969123922
670.4369969367981,0.973706517667574,41.8276692641053,56.92068294976838
671.0165758132935,0.9894027145643146,40.200466384050024,56.987399905735984
672.0247895717621,1.147233718067471,39.386863304425,57.34322367042499
673.0402407646179,1.494607621974259,39.16418732638584,58.5552483709747
674.0152897834778,1.995674319410419,38.20498236684579,60.990417264499605
674.997967004776,2.615072027347327,37.562652345635755,63.770290430288036
675.9818353652954,3.262882099162061,36.40646815975697,66.93934584016392
676.9923777580261,3.846687913550324,33.82862395500193,70.61989791151501
678.0238103866577,4.251063911146317,22.815043127228435,73.51096600438767
679.0618629455566,4.397718324490348,14.464937468861454,76.39091460483482
680.0550591945648,4.293133000031635,8.332965955559574,78.93727842473663
680.9909675121307,4.024566960475677,5.172775106699939,80.86095065607901
682.0092318058014,3.63113742171815,4.1365064860780425,82.27312622453154
683.0129344463348,3.230839460521924,1.1989875454545127,81.26125239188464
684.0069720745087,2.88829357897029,-3.913837637861889,81.8061075327583
684.999368429184,2.629501108096838,-9.06948395228702,81.60595666485548
685.9884688854218,2.454159849929689,-14.26795087908302,81.75051006850886
686.9871973991394,2.345652616602362,-17.882039894600663,82.51775506284365
688.120031118393,2.286955780028864,-20.67396754960423,82.52887455526914
689.1332623958588,2.283489464749555,-24.07396256314984,79.5043725511686
690.1242852210999,2.32243273169089,-26.471939960553513,78.99287588827875
691.1281678676605,2.401364219534479,-29.418028805890565,77.86980712925495
692.0198545455933,2.497459304615173,-32.52683641765886,77.2026375695789
693.1380515098572,2.634720159866565,-35.42154105416776,76.20188323006482
693.9972901344299,2.737437282322883,-37.96511761183164,74.48948135905076
695.1180944442749,2.849098502965796,-41.125310896335506,74.13365759365442
695.9998767375946,2.912403570983872,-43.7545279319003,73.04394731261443
697.0259284973145,2.961205182755761,-46.19533742942408,71.24258950078178
698.1692254543304,2.99942258395931,-44.83366653915665,64.69320832211633
699.0057923793793,3.030080997425453,-43.103717248099024,60.73466893305468
699.6839969158173,3.06349373400822,-43.76317164502913,59.06674503315723
700.0066442489624,3.083137071212867,-41.519355824730184,57.17643128050598
700.9979648590088,3.16077402302819,-40.11483910441374,54.11857079771431
702.0326867103577,3.267972766338358,-39.678079758804806,50.97175437410406
703.037458896637,3.388692584669136,-39.60958194461069,47.858296427770284
704.0668122768402,3.514885261010962,-35.30178589889756,44.88939188650454
705.0628108978271,3.625096248847285,-32.11590412776537,41.42011017477443
706.116287946701,3.717456678123777,-30.334556227793925,37.80627505868361
707.0586452484131,3.775005176577609,-28.082171449310202,34.60386117153125
708.0480535030365,3.812258065055319,-25.83834785304353,31.757271049775216
709.0969223976135,3.833984411072284,-24.41669083212435,28.988517376412283
710.0135598182678,3.847219639255481,-23.902845589004404,25.75274501127611
711.0237085819244,3.865709457235037,-23.817214087155417,22.172268373169103
712.033064365387,3.896166635083973,-19.406626010031466,19.347917235556732
713.0223376750946,3.94111466365367,-16.931560376753993,16.101025378702396
714.0519778728485,4.001861951061928,-13.968328069372184,13.421227645450728
715.0293419361115,4.066330125281433,-10.696780129136245,10.496801074594275
716.0072758197784,4.128784353229873,-8.8811578384778,6.927443929620081
717.0152010917664,4.182025349862557,-7.288205391218104,3.1912943940195504
717.9982101917267,4.216796451156381,-6.0549517039987455,-0.8228424571695703
719.0066816806793,4.231912905494736,-1.9184015243163777,-4.770262353098409
720.0117163658142,4.225371488113185,0.24836461847301589,-8.962311088046683
721.1108689308167,4.189516878170069,2.0468682461525995,-13.543542065667769
722.0051131248474,4.128659477873098,3.3143866847925025,-17.490961961596607
723.119047164917,3.988831131454643,4.384927117191469,-21.1715140329477
724.0347228050232,3.795785493251116,4.770322957133443,-24.16265755977176
725.0419054031372,3.477966847777349,3.6312706237872496,-27.220518043270747
726.0400750637054,3.045475343824653,2.903304831496801,-30.38957345243931
726.9918563365936,2.539540463314537,6.534579784825885,-33.72542125152689
727.5529968738556,2.213390014840487,6.748689210602511,-35.21543326837251
728.0007209777832,1.947249487332449,8.007645643697604,-35.649093482161945
729.011753320694,1.360766031891885,9.669126095026426,-36.471935939331516
730.0121705532074,0.8538066341004509,10.559816675312996,-36.82775970543517
731.009096622467,0.4692315845573533,10.713974644599919,-36.87223767513714
732.0375907421112,0.217875257210444,10.534123447387866,-36.64984782167602
732.5359969139099,0.1460239968529869,10.49986625614069,-36.73880376320193
733.0157523155212,0.1031261426722714,10.302886203607537,-36.36074101295461
733.9939715862274,0.07700086686414133,10.200113947110179,-36.11611217393518
735.0279660224915,0.1019889652066833,10.182985145211585,-36.004917247558275
736.0517230033875,0.1409431324779886,10.234371079340082,-35.982678261999965
737.0598995685577,0.1693933550487363,10.174420729334603,-35.938200291590675
738.0520596504211,0.1803415470307264,10.140163450255287,-35.96043927644166
739.0393855571747,0.1778765925712256,10.225806826156358,-36.03827572554208
740.051680803299,0.1694992206449823,10.191549678800849,-36.1605901450518
741.0032694339752,0.1623591252597905,10.174421008725085,-36.149470652626306
741.8479969501495,0.1586883211137645,10.165856696425328,-36.1605901450518
742.0246753692627,0.1582324382643116,10.174420979315562,-36.127231667067996
743.0260946750641,0.1570428404892975,10.174420949906036,-36.104992681509685
